Street Address,City,State,Zip Code
2501 Memorial Pkwy SW,Huntsville,AL,35801
3100 Cahaba Village Plaza,Birmingham,AL,35243
320 S Cambridge Ln,Flagstaff,AZ,86001
1420 W State Rte 89A,Sedona,AZ,86336
7111 E Mayo Blvd,Phoenix,AZ,85054
12500 N Tatum Blvd,Phoenix,AZ,85032
4701 N 20th St,Phoenix,AZ,85016
"750 S Ash Ave, Ste 101",Tempe,AZ,85281
2955 W Ray Rd,Chandler,AZ,85224
7133 N Oracle Rd,Tucson,AZ,85704
5555 E River Rd,Tucson,AZ,85750
3360 E Speedway Blvd,Tucson,AZ,85716
3425 N College Ave,Fayetteville,AR,72703
501 S Bowman Rd,Little Rock,AR,72211
44-459 Town Center Way,Palm Desert,CA,92260
3600 Lake Tahoe Blvd.,South Lake Tahoe,CA,96150
2153 W Baseline Rd,Upland,CA,91784
650 W Shaw Ave,Fresno,CA,93704
3301 E Imperial Hwy,Brea,CA,92823
3751 E Foothill Blvd,Pasadena,CA,91107
465 S Arroyo Pkwy,Pasadena,CA,91105
8525 Irvine Center Dr,Irvine,CA,92618
2847 Park Ave,Tustin,CA,92782
331 N Glendale Ave,Glendale,CA,91206
23932 Aliso Creek Rd,Laguna Niguel,CA,92677
2520 Glendale Blvd,Los Angeles,CA,90039
283 Broadway St,Laguna Beach,CA,92651
3401 W Olive Ave,Burbank,CA,91505
24130 Valencia Blvd,Santa Clarita,CA,91355
788 S Grand Ave,Los Angeles,CA,90017
415 Newport Center Dr,Newport Beach,CA,92660
"7881 Edinger Ave , Ste 150",Huntington Beach,CA,92647
"2600 Via De La Valle, Ste 100",Del Mar,CA,92014
10081 Adams Ave,Huntington Beach,CA,92646
12905 Riverside Dr,Sherman Oaks,CA,91423
7871 Santa Monica Blvd,West Hollywood,CA,90046
"3881 Lakewood Blvd, Ste A",Long Beach,CA,90808
6350 W 3rd St,Los Angeles,CA,90036
14311 Ventura Blvd,Sherman Oaks,CA,91423
8825 Villa La Jolla Dr,La Jolla,CA,92037
"6400 E Pacific Coast Hwy, Ste A-100",Long Beach,CA,90803
4520 N Sepulveda Blvd,Sherman Oaks,CA,91403
239 N Crescent Dr,Beverly Hills,CA,90210
20209 W Rinaldi St,Porter Ranch,CA,91326
3377 S. La Cienega Blvd,Los Angeles,CA,90016
711 University Ave,San Diego,CA,92103
1050 S Gayley Ave,Los Angeles,CA,90024
11666 National Blvd,Los Angeles,CA,90064
11737 San Vicente Blvd,Los Angeles,CA,90049
12746 W Jefferson Blvd,Playa Vista,CA,90094
2121 Cloverfield Blvd,Santa Monica,CA,90404
270 Palladio Pkwy,Folsom,CA,95630
2201 Wilshire Blvd,Santa Monica,CA,90403
21347 Ventura Blvd,Woodland Hills,CA,91364
1425 Montana Ave,Santa Monica,CA,90403
225 Lincoln Blvd,Venice,CA,90291
760 S Sepulveda Blvd,El Segundo,CA,90245
2655 Pacific Coast Hwy,Torrance,CA,90505
405 N Pacific Coast Hwy,Redondo Beach,CA,90277
1001 Galleria Blvd,Roseville,CA,95678
23401 Civic Center Way,Malibu,CA,90265
740 North Moorpark Rd,Thousand Oaks,CA,91360
4315 Arden Way,Sacramento,CA,95864
650 Town Center Dr,Oxnard,CA,93036
3761 State St,Santa Barbara,CA,93105
5200 Dublin Blvd,Dublin,CA,94568
2941 Ygnacio Valley Rd,Walnut Creek,CA,94598
100 Sunset Dr,San Ramon,CA,94583
"2085 Diamond Blvd, Ste 125",Concord,CA,94520
1531 Froom Ranch Way,San Luis Obispo,CA,93405
1333 Newell Ave,Walnut Creek,CA,94596
3502 Mt Diablo Blvd,Lafayette,CA,94549
3111 Mowry Ave,Fremont,CA,94538
777 The Alameda,San Jose,CA,95126
1146 Blossom Hill Rd,San Jose,CA,95118
3682 Bel Aire Plaza,Napa,CA,94558
1690 S Bascom Ave,Campbell,CA,95008
"2732 Augustine Dr , Ste 1600",Santa Clara,CA,95054
15980 Los Gatos Blvd,Los Gatos,CA,95032
150 E McKinley Ave,Sunnyvale,CA,94086
20955 Stevens Creek Blvd,Cupertino,CA,95014
3000 Telegraph Ave,Berkeley,CA,94705
5110 Telegraph Ave,Oakland,CA,94609
230 Bay Pl,Oakland,CA,94612
1025 Gilman St,Berkeley,CA,94710
4800 El Camino Real,Los Altos,CA,94022
201 W Napa St,Sonoma,CA,95476
774 Emerson St,Palo Alto,CA,94301
1710 41st Ave,Capitola,CA,95010
1250 Jefferson Ave,Redwood City,CA,94062
911 Soquel Ave,Santa Cruz,CA,95062
1010 Park Pl,San Mateo,CA,94403
399 4th St,San Francisco,CA,94107
450 Rhode Island St,San Francisco,CA,94107
1765 California St,San Francisco,CA,94109
2001 Market St,San Francisco,CA,94114
1181 Yulupa Ave,Santa Rosa,CA,95405
800 Del Monte Center,Monterey,CA,93940
3950 24th St,San Francisco,CA,94114
790 De Long Ave,Novato,CA,94945
340 3rd St,San Rafael,CA,94901
690 Stanyan St,San Francisco,CA,94117
621 E Washington St,Petaluma,CA,94952
1150 Ocean Ave,San Francisco,CA,94112
731 E Blithedale Ave,Mill Valley,CA,94941
390 Coddingtown Mall,Santa Rosa,CA,95401
414 Miller Ave,Mill Valley,CA,94941
"3251 20th Ave, Suite 340",San Francisco,CA,94132
6910 McKinley St,Sebastopol,CA,95472
7635 N Academy Blvd,Colorado Springs,CO,80920
2201 S College Ave,Fort Collins,CO,80525
"1250 South Hover Rd, Ste 300",Longmont,CO,80501
2905 Pearl St,Boulder,CO,80301
1275 Alpine Ave,Boulder,CO,80304
695 S Broadway,Boulder,CO,80305
303 Marshall Rd,Superior,CO,80027
4451 Main St,Westminster,CO,80031
1701 Wewatta St,Denver,CO,80202
14357 W Colfax Ave,Golden,CO,80401
900 E 11th Ave,Denver,CO,80218
2375 E 1st Ave,Denver,CO,80206
444 S Wadsworth Blvd,Lakewood,CO,80226
870 S Colorado Blvd,Glendale,CO,80246
1111 S Washington St,Denver,CO,80210
"7400 E Hampden Ave, Unit D",Denver,CO,80231
5155 S Wadsworth Blvd,Littleton,CO,80123
"6853 S York , Ste 119",Centennial,CO,80122
"9366 S Colorado Blvd, Ste B",Highlands Ranch,CO,80126
6384 Promenade Pkwy,Castle Rock,CO,80108
261 Lusher Ct,Frisco,CO,80443
340 Reed St,Basalt,CO,81621
90 E Putnam Ave,Greenwich,CT,06830
110 High Ridge Road,Stamford,CT,06905
5C Sugar Hollow Rd,Danbury,CT,06810
150 Ledge Rd,Darien,CT,06820
399 Post Rd W,Westport,CT,06880
350 Grasmere Ave,Fairfield,CT,06824
1686 Boston Post Road,Milford,CT,06460
50 Climax Rd,Avon,CT,06001
340 N Main St,West Hartford,CT,06117
50 Raymond Rd,West Hartford,CT,06107
55 Welles St,Glastonbury,CT,06033
800 Evergreen Way,South Windsor,CT,06074
4402 Legendary Dr,Destin,FL,32541
1817 Thomasville Rd,Tallahassee,FL,32303
3490 SW Archer Rd,Gainesville,FL,32608
967 Florida Avenue NW,Washington,DC,20001
10601 San Jose Blvd,Jacksonville,FL,32257
2050 3rd St S,Jacksonville Beach,FL,32250
27001 US 19 N,Clearwater,FL,33761
3802 Northdale Blvd,Tampa,FL,33624
3740 Midtown Dr,Tampa,FL,33607
201 38th Ave N,St. Petersburg,FL,33704
"305 E Altamonte Dr, Ste 1000",Altamonte Springs,FL,32701
1030 N Orlando Ave,Winter Park,FL,32789
1451 1st St,Sarasota,FL,34236
"8003 Turkey Lake Rd, Phillips Crossing",Orlando,FL,32819
5298 University Pkwy,Sarasota,FL,34243
"6891 Daniels Pkwy, Suite 100",Fort Myers,FL,33912
9101 Strada Pl,Naples,FL,34108
11701 Lake Victoria Gardens Ave,Palm Beach Gardens,FL,33410
2635 FL-7,Wellington,FL,33414
1845 Palm Beach Lakes Blvd,West Palm Beach,FL,33401
7395 Boynton Beach Blvd,Boynton Beach,FL,33437
680 Linton Blvd,Delray Beach,FL,33444
810 University Dr,Coral Springs,FL,33071
"1400 Glades Rd, Ste 110",Boca Raton,FL,33431
2411 N Federal Hwy,Pompano Beach,FL,33062
14956 Pines Blvd,Pembroke Pines,FL,33027
1903 S University Dr,Davie,FL,33324
2000 N Federal Hwy,Fort Lauderdale,FL,33305
501 SE 17th St,Fort Lauderdale,FL,33316
21105 Biscayne Blvd,Aventura,FL,33180
12150 Biscayne Blvd,North Miami,FL,33181
7930 SW 104th St,Miami,FL,33156
6701 Red Rd,Coral Gables,FL,33143
299 SE 3rd Ave,Miami,FL,33131
1020 Alton Rd,Miami Beach,FL,33139
9560 Glades Road,Boca Raton,FL,33434
1300 Ernest Barrett Pkwy,Kennesaw,GA,30144
"1311 Johnson Ferry Rd NE, Ste 580",Marietta,GA,30068
3535 Northside Pkwy,Atlanta,GA,30327
5930 Roswell Rd,Atlanta,GA,30328
2800 Old Milton Pkwy,Alpharetta,GA,30009
77 West Paces Ferry Rd NW,Atlanta,GA,30305
22 14th St NW,Atlanta,GA,30309
"5001 Peachtree Blvd, Bldg 300",Atlanta,GA,30341
650 Ponce de Leon Ave NE,Atlanta,GA,30308
5945 State Bridge Rd,Duluth,GA,30097
1555 Church St,Decatur,GA,30033
"1815 E Victory Dr , Ste 101",Savannah,GA,31404
70 E Kaahumanu Ave,Kahului,HI,96732
"629 Kailua Rd, Ste 100",Kailua,HI,96734
"4211 Wai'alae Ave, Ste 2000",Honolulu,HI,96816
"388 Kamakee St, Street 100",Honolulu,HI,96814
401 S Broadway Ave,Boise,ID,83702
2607 W 75th St,Naperville,IL,60540
89 Danada Square East,Wheaton,IL,60189
20281 Rand Rd,Kildeer,IL,60047
750 N Martingale Rd,Schaumburg,IL,60173
215 S IL Rte 83,Elmhurst,IL,60126
6300 Kingery Hwy,Willowbrook,IL,60527
851 N Milwaukee Ave,Vernon Hills,IL,60061
500 E Ogden Ave,Hinsdale,IL,60521
15260 South La Grange Road,Orland Park,IL,60462
760 Waukegan Rd,Deerfield,IL,60015
225 W Touhy Ave,Park Ridge,IL,60068
7245 Lake St,River Forest,IL,60305
"840 Willow Rd, Suite M",Northbrook,IL,60062
6020 N Cicero Ave,Chicago,IL,60646
2748 Green Bay Rd,Evanston,IL,60201
9600 S Western Ave,Evergreen Park,IL,60805
1640 Chicago Ave,Evanston,IL,60201
3201 N. Ashland Ave,Chicago,IL,60657
6009 N Broadway,Chicago,IL,60660
1550 N Kingsbury St,Chicago,IL,60642
3640 N Halsted St,Chicago,IL,60613
1 N Halsted St,Chicago,IL,60661
"1101 S Canal St, Ste 107",Chicago,IL,60607
3 West Chicago Ave,Chicago,IL,60654
255 E Grand Ave,Chicago,IL,60611
5118 S Lake Park Ave,Chicago,IL,60615
320 E Market St,Indianapolis,IN,46204
1300 E 86th St,Indianapolis,IN,46240
199 US-41,Schererville,IN,46375
14598 Clay Terrace Blvd,Carmel,IN,46032
4230 Grape Rd,Mishawaka,IN,46545
4100 University Ave,West Des Moines,IA,50266
301 E 51st St,Kansas City,MO,64112
"1423 N Webb Rd, Ste 101",Wichita,KS,67206
14615 W 119th St,Olathe,KS,66062
11900 Metcalf Ave,Overland Park,KS,66213
3425 N College Ave,Fayetteville,AR,72703
501 S Bowman Rd,Little Rock,AR,72211
4944 Shelbyville Rd,Louisville,KY,40207
4059 Finn Way,Lexington,KY,40517
1380 E 70th St,Shreveport,LA,71105
4247 Ambassador Caffery Pkwy,Lafayette,LA,70508
7529 Corporate Blvd,Baton Rouge,LA,70809
3450 Hwy 190,Mandeville,LA,70471
3420 Veterans Memorial Blvd,Metairie,LA,70002
300 N Broad St,New Orleans,LA,70119
5600 Magazine St,New Orleans,LA,70115
2 Somerset St,Portland,ME,04101
316 Kentlands Blvd,Gaithersburg,MD,20878
11355 Woodglen Dr,Rockville,MD,20852
5269 River Rd,Bethesda,MD,20816
4420 Willard Ave,Chevy Chase,MD,20815
833 Wayne Ave,Silver Spring,MD,20910
6621-B Baltimore Ave,Riverdale,MD,20737
10275 Little Patuxent Pkwy,Columbia,MD,21044
1330 Smith Ave,Baltimore,MD,21209
300 Towson Row,Towson,MD,21204
711 S Central Ave,Baltimore,MD,21202
"200 Harker Pl, Ste 100",Annapolis,MD,21401
327 Russell St,Hadley,MA,01035
193 Boston Turnpike,Shrewsbury,MA,01545
160 Littleton Rd,Westford,MA,01886
536 Boston Post Rd,Sudbury,MA,01776
255 Hartford Ave,Bellingham,MA,02019
575 Worcester Rd,Framingham,MA,01701
170 Great Rd,Bedford,MA,01730
442 Washington St,Wellesley,MA,02482
916 Walnut St,Newton,MA,02461
647 Washington St,Newton,MA,02458
40 Railroad St,Andover,MA,01810
400 Cambridge Rd,Woburn,MA,01801
808 Massachusetts Ave,Arlington,MA,02476
300 Legacy Pl,Dedham,MA,02026
200 Alewife Brook Pkwy,Cambridge,MA,02138
15 Washington St,Brighton,MA,02135
2151 Mystic Valley Pkwy,Medford,MA,02155
340 River St,Cambridge,MA,02139
45 Beacon St,Somerville,MA,02143
413 Centre St,Jamaica Plain,MA,02130
115 Prospect St,Cambridge,MA,02139
15 Westland Ave,Boston,MA,02115
880 Main St,Melrose,MA,02176
27 Austin St,Charlestown,MA,02129
181 Cambridge St,Boston,MA,02114
348 Harrison Ave,Boston,MA,02118
427 Walnut St,Lynnfield,MA,01940
331 Paradise Rd,Swampscott,MA,01907
35 Pleasant St,South Weymouth,MA,02190
150 Brimbal Ave,Beverly,MA,01915
94 Derby St,Hingham,MA,02043
790 Iyannough Road,Hyannis,MA,02601
2897 Radcliff Ave SE,Kentwood,MI,49512
2750 E Grand River Ave,East Lansing,MI,48823
990 W Eisenhower Pkwy,Ann Arbor,MI,48103
3135 Washtenaw Ave,Ann Arbor,MI,48104
7350 Orchard Lake Rd,West Bloomfield,MI,48322
2100 E Maple Rd,Birmingham,MI,48009
2918 Walton Blvd,Rochester Hills,MI,48309
115 Mack Ave,Detroit,MI,48201
1001 Plymouth Rd,Minnetonka,MN,55305
7401 France Ave S,Edina,MN,55435
12201 Elm Creek Blvd N,Maple Grove,MN,55369
3060 Excelsior Blvd,Minneapolis,MN,55416
222 Hennepin Ave,Minneapolis,MN,55401
1575 Selby Ave,St. Paul,MN,55104
305 Radio Dr,Woodbury,MN,55125
4500 I-55 North,Jackson,MS,39211
301 E 51st St,Kansas City,MO,64112
1160 Town and Country Crossing Dr,Town and Country,MO,63017
1601 S Brentwood Blvd,St. Louis,MO,63144
4577 W Pine Blvd,St. Louis,MO,63108
2905 West Main Street,Bozeman,MT,59718
1425 Montana Ave,Santa Monica,CA,90403
6055 O St,Lincoln,NE,68510
10020 Regency Cir,Omaha,NE,68114
100 S Green Valley Pkwy,Henderson,NV,89012
7250 W Lake Mead Blvd,Las Vegas,NV,89128
6689 Las Vegas Blvd,Las Vegas,NV,89119
8855 W Charleston Blvd,Las Vegas,NV,89117
6139 S Virginia St,Reno,NV,89502
121 S River Rd,Bedford,NH,03110
255 Amherst St,Nashua,NH,03063
272 Daniel Webster Hwy,Nashua,NH,03060
1600 Woodbury Ave,Portsmouth,NH,03801
1558 Kings Hwy N,Cherry Hill,NJ,08034
940 Rt 73 N,Marlton,NJ,08053
3495 US Rt 1 S,Princeton,NJ,08540
319 Chimney Rock Rd,Bound Brook,NJ,08805
110 Washington St,Morristown,NJ,07960
60 Waterview Blvd,Parsippany,NJ,07054
222 Main St,Madison,NJ,07940
645 Middlesex Ave,Metuchen,NJ,08840
2245 Springfield Ave,Vauxhall,NJ,07088
"1255 Raritan Rd, Unit 150",Clark,NJ,07066
560 Valley Rd,Wayne,NJ,07470
235 Prospect Ave,West Orange,NJ,07052
701 Bloomfield Ave,Montclair,NJ,07042
113 Route 9 South,Marlboro,NJ,07726
44 Godwin Ave,Ridgewood,NJ,07450
633 Broad St,Newark,NJ,07102
500 Chestnut Ridge Road,Woodcliff Lake,NJ,07677
300 Bergen Town Center,Paramus,NJ,07652
135 Greene St.,Jersey City,NJ,07311
1400 Waterfront Terrace,Weehawken,NJ,07086
45 Vervalen St,Closter,NJ,07624
471 St Rt 35 N,Red Bank,NJ,07701
905 River Rd,Edgewater,NJ,07020
1933 NJ-35,Wall,NJ,07719
753 Cerrillos Rd,Santa Fe,NM,87505
5815 Wyoming Blvd NE,Albuquerque,NM,87109
2100 Carlisle Blvd NE,Albuquerque,NM,87110
270 Greenwich St,New York,NY,10007
66 Broadway,New York,NY,10005
450 W 33rd St,New York,NY,10001
250 7th Ave,New York,NY,10001
4 Union Square S,New York,NY,10003
"10 Columbus Cir, Ste Sc101",New York,NY,10019
95 East Houston St,New York,NY,10002
1095 6th Ave,New York,NY,10036
63 Madison Ave,New York,NY,10016
808 Columbus Ave,New York,NY,10025
226 E 57th St,New York,NY,10022
1175 3rd Ave,New York,NY,10065
1551 3rd Ave,New York,NY,10128
100 W 125th St,New York,NY,10027
3139 Sheridan Dr,Amherst,NY,14226
2740 Monroe Ave,Rochester,NY,14618
1425 Central Ave,Albany,NY,12205
167 41st St,Brooklyn,NY,11232
214 3rd St,Brooklyn,NY,11215
292 Ashland Pl,Brooklyn,NY,11217
238 Bedford Ave,Brooklyn,NY,11249
1 Ridge Hill Blvd,Yonkers,NY,10710
20 The Crossing,Chappaqua,NY,10514
110 Bloomingdale Rd,White Plains,NY,10605
575 Boston Post Road,Port Chester,NY,10573
2101 Northern Blvd,Manhasset,NY,11030
867 East Gate Blvd,Garden City,NY,11530
429 North Broadway,Jericho,NY,11753
5214 Sunrise Hwy,Massapequa Park,NY,11762
350 Walt Whitman Road,Huntington Station,NY,11746
120 Veterans Memorial Hwy #34,Commack,NY,11725
120 New Moriches Rd,Lake Grove,NY,11755
70 Merrimon Ave,Asheville,NC,28801
"4 S Tunnel Rd, Ste 100",Asheville,NC,28805
1856 Hendersonville Rd,Asheville,NC,28803
9129 Sam Furr Rd,Huntersville,NC,28078
400 East Brooklyn Village Ave,Charlotte,NC,28202
6610 Fairview Rd,Charlotte,NC,28210
41 Miller St,Winston-Salem,NC,27104
7221 Waverly Walk Ave,Charlotte,NC,28277
3202 W Friendly Ave,Greensboro,NC,27408
81 S Elliot Rd,Chapel Hill,NC,27514
621 Broad St,Durham,NC,27705
5055 Arco St,Cary,NC,27519
102B New Waverly Pl,Cary,NC,27518
8710 Six Forks Rd,Raleigh,NC,27615
3540 Wade Ave,Raleigh,NC,27607
3804 Oleander Dr,Wilmington,NC,28403
2693 Edmondson Rd,Cincinnati,OH,45209
"5901 E Galbraith Rd, Ste 105",Cincinnati,OH,45236
5805 Deerfield Blvd,Mason,OH,45040
1050 Miamisburg Centerville Rd,Dayton,OH,45458
3670 W Dublin-Granville Rd,Columbus,OH,43235
1555 W Lane Ave,Upper Arlington,OH,43221
4100 Easton Gateway Dr,Columbus,OH,43219
19607 Detroit Rd,Rocky River,OH,44116
13998 Cedar Rd,University Heights,OH,44118
1745 W Market St,Akron,OH,44313
50 Wall St,Orange,OH,44122
6001 North Western Ave,Oklahoma City,OK,73118
1401 E 41st St,Tulsa,OK,74105
9136 S Yale Ave,Tulsa,OK,74137
2610 NE Hwy 20,Bend,OR,97701
11 S State St,Lake Oswego,OR,97034
4301 NE Sandy Blvd,Portland,OR,97213
2825 East Burnside St,Portland,OR,97214
3535 NE 15th Ave,Portland,OR,97212
353 E Broadway,Eugene,OR,97401
1210 NW Couch St,Portland,OR,97209
7380 SW Bridgeport Rd,Tigard,OR,97224
12220 SW Scholls Ferry Rd,Tigard,OR,97223
9940 NE Cornell Rd,Hillsboro,OR,97124
10576 Perry Hwy,Wexford,PA,15090
111 Siena Dr,Upper St. Clair,PA,15241
5700 Penn Ave,Pittsburgh,PA,15206
1563 Fruitville Pike,Lancaster,PA,17601
"750 N Krocks Rd, Ste 301",Allentown,PA,18106
175 N Pottstown Pike,Exton,PA,19341
475 Wilmington West Chester Pike,Glen Mills,PA,19342
821 Lancaster Ave,Wayne,PA,19087
3737 West Chester Pike,Newtown Square,PA,19073
500 W Germantown Pike,Plymouth Meeting,PA,19462
15 E Wynnewood Rd,Wynnewood,PA,19096
1111 N Bethlehem Pike,Spring House,PA,19477
1745 South Easton Road,Doylestown,PA,18901
2101 Pennsylvania Ave,Philadelphia,PA,19130
1575 The Fairway,Jenkintown,PA,19046
929 South St,Philadelphia,PA,19147
151 Sockanosset Cross Rd,Cranston,RI,02920
601 N Main St,Providence,RI,02904
261 Waterman St,Providence,RI,02906
1856 Hendersonville Rd,Asheville,NC,28803
1140 Woodruff Rd,Greenville,SC,29607
"702 Cross Hill Rd, Ste 300",Columbia,SC,29205
1125 Savannah Hwy,Charleston,SC,29407
923 Houston Northcutt Blvd,Mount Pleasant,SC,29464
5014 Poplar Ave,Memphis,TN,38117
7825 US Highway 72,Germantown,TN,38138
4021 Hillsboro Pike,Nashville,TN,37215
1202 Broadway,Nashville,TN,37203
1566 W McEwen Dr,Franklin,TN,37067
301 Manufacturers Rd,Chattanooga,TN,37405
"1814 Gunbarrel Rd, Ste 100",Chattanooga,TN,37421
6730 Papermill Dr NW,Knoxville,TN,37919
100 Pitt St,El Paso,TX,79912
4041 Waller Creek,Highland Village,TX,75077
4801 Colleyvile Blvd,Colleyville,TX,76034
3720 Vision Dr,Fort Worth,TX,76109
105 Stacy Rd,Fairview,TX,75069
2201 Preston Rd,Plano,TX,75093
6741 N MacArthur Blvd,Irving,TX,75039
"5100 Belt Line Rd, Ste 1012",Addison,TX,75254
801 E Lamar,Arlington,TX,76011
1411 E Renner Rd,Richardson,TX,75082
"11700 Preston Rd, Ste 714",Dallas,TX,75230
"8190 Park Ln, Ste 351",Dallas,TX,75231
4100 Lomo Alto Dr,Highland Park,TX,75219
2510 McKinney Ave,Dallas,TX,75201
2118 Abrams Rd,Dallas,TX,75214
"5001 183 Toll Rd, Bldg A Ste 100",Cedar Park,TX,78613
12601 Hill Country Blvd,Bee Cave,TX,78738
11920 Domain Dr,Austin,TX,78758
"9607 Research Blvd, Ste 300",Austin,TX,78759
525 N Lamar Blvd,Austin,TX,78703
"4301 W William Cannon, Bldg B Ste 800",Austin,TX,78749
"901 E 5th St, Ste 100",Austin,TX,78702
18403 Blanco Rd,San Antonio,TX,78258
"255 E Basse Rd, Ste 130",San Antonio,TX,78209
"1925 Hughes Landing Blvd, Ste 100",The Woodlands,TX,77380
10133 Louetta Rd,Houston,TX,77070
6601 S Fry Rd,Katy,TX,77494
11041 Westheimer Rd,Houston,TX,77042
101 N Loop W,Houston,TX,77018
1407 S Voss Rd,Houston,TX,77057
"1700 Post Oak Blvd, Ste 100",Houston,TX,77056
701 Waugh Dr,Houston,TX,77019
2955 Kirby Dr,Houston,TX,77098
4004 Bellaire Blvd,Houston,TX,77025
15900 Southwest Fwy,Sugar Land,TX,77478
6598 N Landmark Dr,Park City,UT,84098
6930 S Highland Dr,Cottonwood Heights,UT,84121
1131 E Wilmington Ave,Salt Lake City,UT,84106
544 S 700 E,Salt Lake City,UT,84102
1800 Laskin Rd,Virginia Beach,VA,23454
1797 Hydraulic Rd,Charlottesville,VA,22901
"19800 Belmont Chase Dr, Unit 160",Ashburn,VA,20147
11660 Plaza America Dr,Reston,VA,20190
4501 Market Commons Dr,Fairfax,VA,22033
143 Maple Ave E,Vienna,VA,22180
1635 Boro Place,McLean,VA,22102
11173 W Broad St,Glen Allen,VA,23060
103 E Broad St,Falls Church,VA,22046
6426 Springfield Plaza,Springfield,VA,22150
2700 Wilson Blvd,Arlington,VA,22201
"520 12th St South, Ste 100",Arlington,VA,22202
1700 Duke St,Alexandria,VA,22314
2024 W Broad St,Richmond,VA,23220
"12090 Jefferson Ave, Ste 100",Newport News,VA,23606
"4530 40th St NW, Tenley Circle",Washington,DC,20016
"2323 Wisconsin Ave, NW",Washington,DC,20007
7130 12th Street NW,Washington,DC,20012
2201 I Street NW,Washington,DC,20037
1440 P Street NW,Washington,DC,20005
967 Florida Avenue NW,Washington,DC,20001
101 H St SE,Washington,DC,20003
600 H St NE,Washington,DC,20002
1111 S Washington St,Denver,CO,80210
17991 NE Redmond Way,Redmond,WA,98052
888 116th Ave NE,Bellevue,WA,98004
12501 120th Ave NE,Kirkland,WA,98034
3515 Bridgeport Way W,University Place,WA,98466
1001 Broadway,Seattle,WA,98122
2210 Westlake Ave,Seattle,WA,98121
"4755 Fauntleroy Way SW, Ste 190",Seattle,WA,98116
1026 NE 64th St,Seattle,WA,98115
2001 15th Ave W,Seattle,WA,98119
"2800 SW 196th St, Ste 100",Lynnwood,WA,98036
1030 Lakeway Dr,Bellingham,WA,98229
1330 Smith Ave,Baltimore,MD,21209
4710 Madison Yards Way,Madison,WI,53705
11100 W Burleigh St,Wauwatosa,WI,53222
2305 N Prospect Ave,Milwaukee,WI,53211
1155 S Highway 89,Jackson,WY,83001
